INSERT INTO Categories (Id, Name, Slug, Description, Icon, IsActive, SortOrder, CreatedAt, UpdatedAt) VALUES
('cat-laptop', N'Laptop', 'laptop', N'Laptop gaming, văn phòng và ultrabook cho mọi nhu cầu.', 'Laptop', 1, 1, '2026-03-24T00:00:00', '2026-03-24T00:00:00'),
('cat-pc', N'PC', 'pc', N'Dàn PC gaming, đồ họa và workstation lắp sẵn.', 'MonitorSmartphone', 1, 2, '2026-03-24T00:00:00', '2026-03-24T00:00:00'),
('cat-phone', N'Điện thoại', 'dien-thoai', N'Smartphone cao cấp, tầm trung và gaming phone.', 'Smartphone', 1, 3, '2026-03-24T00:00:00', '2026-03-24T00:00:00'),
('cat-monitor', N'Màn hình', 'man-hinh', N'Màn hình gaming, thiết kế và làm việc chuyên nghiệp.', 'Monitor', 1, 4, '2026-03-24T00:00:00', '2026-03-24T00:00:00'),
('cat-accessory', N'Phụ kiện', 'phu-kien', N'Chuột, bàn phím, tai nghe, dock và phụ kiện tiện ích.', 'Headphones', 1, 5, '2026-03-24T00:00:00', '2026-03-24T00:00:00');

INSERT INTO Products
(Id, CategoryId, Name, Slug, Brand, Price, OriginalPrice, Rating, ReviewCount, Stock, Image, GalleryJson, ShortDescription, Description, SpecsJson, TagsJson, Featured, OnSale, IsNew)
VALUES
('p1', 'cat-laptop', N'ASUS ROG Zephyrus G14', 'asus-rog-zephyrus-g14', N'ASUS', 42990000, 45990000, 4.8, 128, 12, N'https://images.unsplash.com/photo-1496181133206-80ce9b88a853?auto=format&fit=crop&w=1200&q=80', N'["https://images.unsplash.com/photo-1496181133206-80ce9b88a853?auto=format&fit=crop&w=1200&q=80","https://images.unsplash.com/photo-1496181133206-80ce9b88a853?auto=format&fit=crop&w=1200&q=80","https://images.unsplash.com/photo-1516321318423-f06f85e504b3?auto=format&fit=crop&w=1200&q=80"]', N'Laptop gaming 14 inch cao cấp với thiết kế gọn nhẹ và màn OLED.', N'ROG Zephyrus G14 phù hợp game thủ và người làm nội dung cần hiệu năng cao trong thân máy nhỏ gọn. Máy nổi bật với màn hình OLED sắc nét, tản nhiệt tối ưu và thiết kế cơ động để sử dụng linh hoạt ở cả văn phòng lẫn khi di chuyển.', N'{"CPU":"AMD Ryzen 9","GPU":"NVIDIA GeForce RTX 4060","RAM":"32GB LPDDR5X","SSD":"1TB NVMe","Display":"14 inch OLED 3K 120Hz","Weight":"1.5kg"}', N'["gaming","oled","creator"]', 1, 1, 1),
('p2', 'cat-laptop', N'Dell XPS 13 Plus', 'dell-xps-13-plus', N'Dell', 36990000, NULL, 4.7, 86, 7, N'https://images.unsplash.com/photo-1498050108023-c5249f4df085?auto=format&fit=crop&w=1200&q=80', N'["https://images.unsplash.com/photo-1498050108023-c5249f4df085?auto=format&fit=crop&w=1200&q=80","https://images.unsplash.com/photo-1516321318423-f06f85e504b3?auto=format&fit=crop&w=1200&q=80","https://images.unsplash.com/photo-1515879218367-8466d910aaa4?auto=format&fit=crop&w=1200&q=80"]', N'Ultrabook cao cấp cho doanh nhân và người dùng văn phòng.', N'Thiết kế tối giản, màn hình 13 inch viền mỏng, hiệu năng ổn định cho công việc, học tập và di chuyển hằng ngày.', N'{"CPU":"Intel Core Ultra 7","RAM":"16GB LPDDR5","SSD":"512GB NVMe","Display":"13.4 inch OLED","Weight":"1.24kg"}', N'["office","ultrabook"]', 1, 0, 0),
('p3', 'cat-pc', N'PC Gaming RTX 4080 Super', 'pc-gaming-rtx-4080-super', N'GearHub Build', 55990000, 58990000, 4.9, 51, 4, N'https://images.unsplash.com/photo-1587202372775-e229f172b9d7?auto=format&fit=crop&w=1200&q=80', N'["https://images.unsplash.com/photo-1587202372775-e229f172b9d7?auto=format&fit=crop&w=1200&q=80","https://images.unsplash.com/photo-1545239351-1141bd82e8a6?auto=format&fit=crop&w=1200&q=80","https://images.unsplash.com/photo-1518770660439-4636190af475?auto=format&fit=crop&w=1200&q=80"]', N'PC gaming hiệu năng cao cho chơi game 2K, stream và dựng video.', N'Bộ PC được tối ưu cho nhu cầu chơi game AAA, stream và xử lý đồ họa nặng với khả năng nâng cấp tốt. Cấu hình cân bằng giữa sức mạnh GPU, tản nhiệt và nguồn điện để vận hành ổn định trong thời gian dài.', N'{"CPU":"Intel Core i7-14700KF","GPU":"NVIDIA GeForce RTX 4080 SUPER 16GB","RAM":"32GB DDR5","SSD":"2TB NVMe","PSU":"850W 80 Plus Gold"}', N'["desktop","streaming","rgb"]', 1, 1, 0),
('p4', 'cat-phone', N'iPhone 16 Pro Max', 'iphone-16-pro-max', N'Apple', 33990000, NULL, 4.8, 244, 20, N'https://images.unsplash.com/photo-1511707171634-5f897ff02aa9?auto=format&fit=crop&w=1200&q=80', N'["https://images.unsplash.com/photo-1511707171634-5f897ff02aa9?auto=format&fit=crop&w=1200&q=80","https://images.unsplash.com/photo-1592750475338-74b7b21085ab?auto=format&fit=crop&w=1200&q=80","https://images.unsplash.com/photo-1610945265064-0e34e5519bbf?auto=format&fit=crop&w=1200&q=80"]', N'Flagship cao cấp cho người dùng cần camera mạnh và hệ sinh thái Apple.', N'iPhone 16 Pro Max phù hợp người dùng cần một mẫu điện thoại cao cấp có hiệu năng mạnh, màn hình lớn và hệ thống camera linh hoạt cho quay chụp hằng ngày. Máy cũng là lựa chọn phù hợp khi cần đồng bộ tốt với MacBook, iPad và các thiết bị Apple khác.', N'{"Chip":"A18 Pro","Display":"6.9 inch OLED 120Hz","Camera":"48MP Fusion + 48MP Ultra Wide + 12MP Telephoto","Storage":"256GB","Battery":"Lên đến 33 giờ phát video"}', N'["flagship","camera"]', 1, 0, 1),
('p5', 'cat-phone', N'Samsung Galaxy S25 Ultra', 'samsung-galaxy-s25-ultra', N'Samsung', 30990000, 32990000, 4.7, 167, 15, N'https://images.unsplash.com/photo-1610945265064-0e34e5519bbf?auto=format&fit=crop&w=1200&q=80', N'["https://images.unsplash.com/photo-1610945265064-0e34e5519bbf?auto=format&fit=crop&w=1200&q=80","https://images.unsplash.com/photo-1580910051074-3eb694886505?auto=format&fit=crop&w=1200&q=80","https://images.unsplash.com/photo-1598327105666-5b89351aff97?auto=format&fit=crop&w=1200&q=80"]', N'Smartphone Android cao cấp với bút S Pen và camera zoom.', N'Galaxy S25 Ultra phù hợp người dùng cần điện thoại màn hình lớn, bút S Pen và hệ thống camera đa tiêu cự cho cả công việc lẫn giải trí. Máy mang lại hiệu năng mạnh, pin bền và trải nghiệm Android cao cấp ở nhóm flagship.', N'{"Chip":"Snapdragon 8 Elite for Galaxy","Display":"6.9 inch Dynamic AMOLED 2X 120Hz","Camera":"200MP + 50MP Ultra Wide + 50MP Tele + 10MP Tele","Storage":"512GB","Battery":"5000mAh"}', N'["android","s-pen","camera"]', 0, 1, 0),
('p6', 'cat-monitor', N'LG UltraGear 27GS95QE', 'lg-ultragear-27gs95qe', N'LG', 18990000, NULL, 4.8, 59, 9, N'https://images.unsplash.com/photo-1527443224154-c4a3942d3acf?auto=format&fit=crop&w=1200&q=80', N'["https://images.unsplash.com/photo-1527443224154-c4a3942d3acf?auto=format&fit=crop&w=1200&q=80","https://images.unsplash.com/photo-1547082299-de196ea013d6?auto=format&fit=crop&w=1200&q=80","https://images.unsplash.com/photo-1497366754035-f200968a6e72?auto=format&fit=crop&w=1200&q=80"]', N'Màn hình OLED 27 inch 240Hz cho game thủ eSports.', N'Độ tương phản cao, tốc độ phản hồi nhanh và màu sắc đẹp, thích hợp chơi game tốc độ cao lẫn chỉnh ảnh.', N'{"Resolution":"2560x1440","Panel":"OLED","RefreshRate":"240Hz","ResponseTime":"0.03ms","Ports":"HDMI 2.1, DisplayPort"}', N'["monitor","oled","esports"]', 1, 0, 0),
('p7', 'cat-accessory', N'Logitech G Pro X Superlight 2', 'logitech-g-pro-x-superlight-2', N'Logitech', 3290000, 3790000, 4.9, 302, 31, N'https://images.unsplash.com/photo-1613141411244-0e4ac259d217?auto=format&fit=crop&w=1200&q=80', N'["https://images.unsplash.com/photo-1613141411244-0e4ac259d217?auto=format&fit=crop&w=1200&q=80","https://images.unsplash.com/photo-1541140532154-b024d705b90a?auto=format&fit=crop&w=1200&q=80","https://images.unsplash.com/photo-1511467687858-23d96c32e4ae?auto=format&fit=crop&w=1200&q=80"]', N'Chuột gaming siêu nhẹ dành cho thi đấu.', N'Thiết kế gọn nhẹ, cảm biến chính xác và pin bền, phù hợp người chơi FPS và eSports chuyên nghiệp.', N'{"Weight":"60g","Sensor":"HERO 2","DPI":"32.000 DPI","Connection":"Lightspeed Wireless","Battery":"95 giờ"}', N'["mouse","gaming","wireless"]', 0, 1, 0),
('p8', 'cat-accessory', N'Keychron Q1 Max', 'keychron-q1-max', N'Keychron', 4890000, NULL, 4.7, 75, 14, N'https://images.unsplash.com/photo-1511467687858-23d96c32e4ae?auto=format&fit=crop&w=1200&q=80', N'["https://images.unsplash.com/photo-1511467687858-23d96c32e4ae?auto=format&fit=crop&w=1200&q=80","https://images.unsplash.com/photo-1541140532154-b024d705b90a?auto=format&fit=crop&w=1200&q=80","https://images.unsplash.com/photo-1515879218367-8466d910aaa4?auto=format&fit=crop&w=1200&q=80"]', N'Bàn phím cơ custom không dây cho dân code và game thủ.', N'Khung nhôm chắc chắn, hỗ trợ hot-swap và kết nối đa thiết bị. Trải nghiệm gõ cao cấp phù hợp cho công việc dài giờ.', N'{"Layout":"75%","Switch":"Hot-swappable","Connection":"2.4GHz / Bluetooth / USB-C","Battery":"4.000mAh","Material":"Full aluminum"}', N'["keyboard","mechanical","custom"]', 0, 0, 0),
('p9', 'cat-laptop', N'MacBook Air 15\" M4', 'macbook-air-15-m4', N'Apple', 32990000, 34990000, 4.9, 118, 16, N'https://images.unsplash.com/photo-1515879218367-8466d910aaa4?auto=format&fit=crop&w=1200&q=80', N'["https://images.unsplash.com/photo-1515879218367-8466d910aaa4?auto=format&fit=crop&w=1200&q=80","https://images.unsplash.com/photo-1515879218367-8466d910aaa4?auto=format&fit=crop&w=1200&q=80","https://images.unsplash.com/photo-1496181133206-80ce9b88a853?auto=format&fit=crop&w=1200&q=80"]', N'MacBook mỏng nhẹ cho sinh viên và dân văn phòng cao cấp.', N'Dòng MacBook Air màn lớn, pin lâu và hiệu năng ổn định cho học tập, làm việc và sáng tạo nội dung cơ bản.', N'{"Chip":"Apple M4","RAM":"16GB Unified Memory","SSD":"512GB","Display":"15 inch Liquid Retina","Battery":"Lên đến 18 giờ"}', N'["macbook","office","student"]', 1, 1, 0),
('p10', 'cat-laptop', N'Lenovo Legion Pro 7', 'lenovo-legion-pro-7', N'Lenovo', 47990000, 51990000, 4.8, 64, 8, N'https://images.unsplash.com/photo-1603302576837-37561b2e2302?auto=format&fit=crop&w=1200&q=80', N'["https://images.unsplash.com/photo-1603302576837-37561b2e2302?auto=format&fit=crop&w=1200&q=80","https://images.unsplash.com/photo-1504707748692-419802cf939d?auto=format&fit=crop&w=1200&q=80","https://images.unsplash.com/photo-1496181133206-80ce9b88a853?auto=format&fit=crop&w=1200&q=80"]', N'Laptop gaming cao cấp cho AAA và streaming.', N'Hiệu năng mạnh, màn hình tần số quét cao và hệ thống tản nhiệt lớn, phù hợp người dùng cần sức mạnh tối đa.', N'{"CPU":"Intel Core Ultra 9","GPU":"RTX 5080","RAM":"32GB DDR5","SSD":"1TB NVMe","Display":"16 inch 240Hz"}', N'["gaming","streaming","high-end"]', 1, 0, 0),
('p11', 'cat-phone', N'Xiaomi 15 Ultra', 'xiaomi-15-ultra', N'Xiaomi', 26990000, 28990000, 4.6, 93, 19, N'https://images.unsplash.com/photo-1598327105666-5b89351aff97?auto=format&fit=crop&w=1200&q=80', N'["https://images.unsplash.com/photo-1598327105666-5b89351aff97?auto=format&fit=crop&w=1200&q=80","https://images.unsplash.com/photo-1580910051074-3eb694886505?auto=format&fit=crop&w=1200&q=80","https://images.unsplash.com/photo-1592750475338-74b7b21085ab?auto=format&fit=crop&w=1200&q=80"]', N'Flagship Android tập trung camera và sạc nhanh.', N'Máy phù hợp người thích chụp ảnh, màn hình sáng đẹp và hiệu năng mạnh trong tầm flagship.', N'{"Chip":"Snapdragon 8 Elite","Display":"6.73 inch AMOLED","Camera":"50MP Leica","Storage":"512GB","Battery":"5.300mAh"}', N'["flagship","camera","android"]', 0, 1, 0),
('p12', 'cat-monitor', N'AOC Q27G4 Gaming', 'aoc-q27g4-gaming', N'AOC', 6290000, 6990000, 4.7, 140, 22, N'https://images.unsplash.com/photo-1527443224154-c4a3942d3acf?auto=format&fit=crop&w=1200&q=80', N'["https://images.unsplash.com/photo-1527443224154-c4a3942d3acf?auto=format&fit=crop&w=1200&q=80","https://images.unsplash.com/photo-1497366754035-f200968a6e72?auto=format&fit=crop&w=1200&q=80","https://images.unsplash.com/photo-1547082299-de196ea013d6?auto=format&fit=crop&w=1200&q=80"]', N'Màn hình 27 inch 2K 180Hz cho game thủ tầm trung.', N'Lựa chọn tốt cho game thủ cần cân bằng giữa màu sắc, tần số quét và chi phí đầu tư.', N'{"Resolution":"2560x1440","Panel":"Fast IPS","RefreshRate":"180Hz","ResponseTime":"1ms","Size":"27 inch"}', N'["monitor","2k","gaming"]', 1, 1, 0),
('p13', 'cat-accessory', N'Sony WH-1000XM5', 'sony-wh-1000xm5', N'Sony', 8990000, 9990000, 4.8, 88, 13, N'https://images.unsplash.com/photo-1546435770-a3e426bf472b?auto=format&fit=crop&w=1200&q=80', N'["https://images.unsplash.com/photo-1546435770-a3e426bf472b?auto=format&fit=crop&w=1200&q=80","https://images.unsplash.com/photo-1583394838336-acd977736f90?auto=format&fit=crop&w=1200&q=80","https://images.unsplash.com/photo-1505740420928-5e560c06d30e?auto=format&fit=crop&w=1200&q=80"]', N'Tai nghe chống ồn cao cấp cho làm việc và giải trí.', N'WH-1000XM5 phù hợp người dùng cần tai nghe chống ồn cao cấp để làm việc, di chuyển và nghe nhạc hằng ngày. Thiết kế đeo thoải mái, khả năng chống ồn hiệu quả và chất âm dễ nghe giúp sản phẩm phù hợp cả môi trường văn phòng lẫn những chuyến đi dài.', N'{"Type":"Over-ear","ANC":"Adaptive Noise Cancelling","Battery":"Tối đa 30 giờ","Connection":"Bluetooth 5.2","Weight":"250g"}', N'["audio","anc","wireless"]', 0, 1, 0),
('p14', 'cat-pc', N'PC Creator Studio RTX', 'pc-creator-studio-rtx', N'GearHub Build', 42990000, NULL, 4.8, 44, 6, N'https://images.unsplash.com/photo-1587202372775-e229f172b9d7?auto=format&fit=crop&w=1200&q=80', N'["https://images.unsplash.com/photo-1587202372775-e229f172b9d7?auto=format&fit=crop&w=1200&q=80","https://images.unsplash.com/photo-1545239351-1141bd82e8a6?auto=format&fit=crop&w=1200&q=80","https://images.unsplash.com/photo-1518770660439-4636190af475?auto=format&fit=crop&w=1200&q=80"]', N'PC cho thiết kế, dựng phim và làm việc đa nhiệm.', N'Bộ PC này hướng tới editor, designer và người làm 3D cần hiệu năng đa nhân tốt, nhiều RAM và GPU mạnh để xử lý dự án nặng. Cấu hình được cân bằng theo nhu cầu dựng video, thiết kế và làm việc đa nhiệm trong thời gian dài.', N'{"CPU":"AMD Ryzen 9 9900X","GPU":"NVIDIA GeForce RTX 4070 Ti SUPER 16GB","RAM":"64GB DDR5","SSD":"2TB NVMe","Cooling":"AIO 360mm"}', N'["creator","desktop","workstation"]', 1, 0, 0),
('p15', 'cat-monitor', N'Samsung Odyssey G6 32', 'samsung-odyssey-g6-32', N'Samsung', 10990000, 12990000, 4.7, 71, 10, N'https://images.unsplash.com/photo-1527443224154-c4a3942d3acf?auto=format&fit=crop&w=1200&q=80', N'["https://images.unsplash.com/photo-1527443224154-c4a3942d3acf?auto=format&fit=crop&w=1200&q=80","https://images.unsplash.com/photo-1497366754035-f200968a6e72?auto=format&fit=crop&w=1200&q=80","https://images.unsplash.com/photo-1547082299-de196ea013d6?auto=format&fit=crop&w=1200&q=80"]', N'Màn hình cong 32 inch cho game nhập vai và giải trí.', N'Tỷ lệ tương phản cao, màu sắc rực rỡ và màn hình cong giúp tăng độ đắm chìm khi chơi game.', N'{"Resolution":"2560x1440","Panel":"VA cong 1000R","RefreshRate":"240Hz","HDR":"VESA DisplayHDR 600","Size":"32 inch"}', N'["monitor","curved","gaming"]', 0, 1, 0),
('p16', 'cat-accessory', N'Anker Prime Charging Station 8-in-1', 'anker-prime-charging-station-8-in-1', N'Anker', 3990000, 4590000, 4.6, 55, 25, N'https://images.unsplash.com/photo-1585338447937-7082f8fc763d?auto=format&fit=crop&w=1200&q=80', N'["https://images.unsplash.com/photo-1585338447937-7082f8fc763d?auto=format&fit=crop&w=1200&q=80","https://images.unsplash.com/photo-1511707171634-5f897ff02aa9?auto=format&fit=crop&w=1200&q=80","https://images.unsplash.com/photo-1518770660439-4636190af475?auto=format&fit=crop&w=1200&q=80"]', N'Trạm sạc công suất cao cho laptop, điện thoại và phụ kiện bàn làm việc.', N'Phụ kiện phù hợp với người dùng có nhiều thiết bị và muốn gom gọn khu vực làm việc vào một nguồn sạc trung tâm. Thiết kế đặt bàn, nhiều cổng và công suất lớn giúp việc sạc laptop, điện thoại và phụ kiện trở nên gọn gàng hơn.', N'{"Power":"240W","Ports":"4 x USB-C, 2 x USB-A, 2 ổ AC","Charging":"Sạc nhanh đa thiết bị","Material":"Aluminum","UseCase":"Bàn làm việc / phòng họp"}', N'["dock","charger","workspace"]', 0, 1, 0),
('p17', 'cat-laptop', N'MSI Creator Z17 HX AI', 'msi-creator-z17-hx-ai', N'MSI', 58990000, 61990000, 4.8, 42, 5, N'https://images.unsplash.com/photo-1504707748692-419802cf939d?auto=format&fit=crop&w=1200&q=80', N'["https://images.unsplash.com/photo-1504707748692-419802cf939d?auto=format&fit=crop&w=1200&q=80","https://images.unsplash.com/photo-1517336714739-489689fd1ca8?auto=format&fit=crop&w=1200&q=80","https://images.unsplash.com/photo-1496181133206-80ce9b88a853?auto=format&fit=crop&w=1200&q=80"]', N'Laptop màn lớn cho designer, editor và kỹ sư cần hiệu năng cao.', N'MSI Creator Z17 HX AI hướng tới người làm sáng tạo nội dung chuyên nghiệp cần màn hình chuẩn màu, CPU đa nhân mạnh và GPU rời đủ lực cho Premiere, After Effects hay Blender. Khung máy chắc chắn, bàn rê rộng và hệ thống tản nhiệt lớn giúp thiết bị giữ hiệu năng ổn định khi render dài.', N'{"CPU":"Intel Core Ultra 9 285H","GPU":"NVIDIA RTX 5070 Laptop","RAM":"32GB DDR5","SSD":"2TB NVMe","Display":"17 inch QHD+ 165Hz 100% DCI-P3"}', N'["creator","design","high-performance"]', 1, 1, 1),
('p18', 'cat-laptop', N'HP EliteBook Ultra G1q', 'hp-elitebook-ultra-g1q', N'HP', 35990000, NULL, 4.6, 31, 9, N'https://images.unsplash.com/photo-1516321318423-f06f85e504b3?auto=format&fit=crop&w=1200&q=80', N'["https://images.unsplash.com/photo-1516321318423-f06f85e504b3?auto=format&fit=crop&w=1200&q=80","https://images.unsplash.com/photo-1496181133206-80ce9b88a853?auto=format&fit=crop&w=1200&q=80","https://images.unsplash.com/photo-1498050108023-c5249f4df085?auto=format&fit=crop&w=1200&q=80"]', N'Ultrabook doanh nhân mỏng nhẹ, pin dài và tối ưu họp trực tuyến.', N'EliteBook Ultra G1q phù hợp đội ngũ quản lý, sale và người thường xuyên di chuyển với nhu cầu làm việc cloud, họp online, xử lý tài liệu và thuyết trình. Thiết bị tập trung vào độ bền, webcam tốt, AI hỗ trợ họp và thời lượng pin dài để dùng xuyên ngày.', N'{"CPU":"Snapdragon X Elite","RAM":"16GB LPDDR5X","SSD":"1TB NVMe","Display":"14 inch 2.2K touch","Weight":"1.34kg"}', N'["business","ultrabook","meeting"]', 1, 0, 0),
('p19', 'cat-monitor', N'ViewSonic ColorPro VP2776', 'viewsonic-colorpro-vp2776', N'ViewSonic', 13990000, 14990000, 4.7, 37, 11, N'https://images.unsplash.com/photo-1527443224154-c4a3942d3acf?auto=format&fit=crop&w=1200&q=80', N'["https://images.unsplash.com/photo-1527443224154-c4a3942d3acf?auto=format&fit=crop&w=1200&q=80","https://images.unsplash.com/photo-1547082299-de196ea013d6?auto=format&fit=crop&w=1200&q=80","https://images.unsplash.com/photo-1497366754035-f200968a6e72?auto=format&fit=crop&w=1200&q=80"]', N'Màn hình chuẩn màu cho designer, chỉnh ảnh và dựng video.', N'ColorPro VP2776 tập trung vào độ chính xác màu sắc ngay từ khi mở hộp, phù hợp với studio nhỏ, bộ phận marketing và freelancer làm ảnh, UI hoặc video. Thiết kế tối giản, chân đế linh hoạt và cổng kết nối đầy đủ giúp dễ tích hợp vào bàn làm việc hiện đại.', N'{"Resolution":"2560x1440","Panel":"IPS 100% sRGB / 98% DCI-P3","Calibration":"Factory calibrated Delta E < 2","Ports":"USB-C, HDMI, DisplayPort","Size":"27 inch"}', N'["monitor","color-accurate","design"]', 0, 1, 0),
('p20', 'cat-accessory', N'Belkin BoostCharge Pro 3-in-1', 'belkin-boostcharge-pro-3-in-1', N'Belkin', 3490000, 3890000, 4.7, 66, 28, N'https://images.unsplash.com/photo-1585338447937-7082f8fc763d?auto=format&fit=crop&w=1200&q=80', N'["https://images.unsplash.com/photo-1585338447937-7082f8fc763d?auto=format&fit=crop&w=1200&q=80","https://images.unsplash.com/photo-1511707171634-5f897ff02aa9?auto=format&fit=crop&w=1200&q=80","https://images.unsplash.com/photo-1518770660439-4636190af475?auto=format&fit=crop&w=1200&q=80"]', N'Đế sạc không dây gọn gàng cho iPhone, Apple Watch và AirPods.', N'Phụ kiện dành cho người dùng hệ sinh thái Apple muốn tối giản dây cáp và giữ bàn làm việc gọn mắt. Thiết kế dựng đứng tiện theo dõi thông báo khi sạc, phù hợp đặt tại bàn làm việc hoặc đầu giường nhờ hoàn thiện đẹp và khả năng sạc ổn định.', N'{"Charging":"MagSafe 15W","Compatibility":"iPhone, Apple Watch, AirPods","Material":"Soft-touch aluminum frame","Cable":"USB-C braided cable","UseCase":"Desk setup / bedside"}', N'["charger","apple","wireless"]', 0, 1, 0),
('p21', 'cat-laptop', N'Acer Swift Go 14 OLED', 'acer-swift-go-14-oled', N'Acer', 24990000, 26990000, 4.6, 52, 17, N'https://images.unsplash.com/photo-1496181133206-80ce9b88a853?auto=format&fit=crop&w=1200&q=80', N'["https://images.unsplash.com/photo-1496181133206-80ce9b88a853?auto=format&fit=crop&w=1200&q=80","https://images.unsplash.com/photo-1516321318423-f06f85e504b3?auto=format&fit=crop&w=1200&q=80","https://images.unsplash.com/photo-1498050108023-c5249f4df085?auto=format&fit=crop&w=1200&q=80"]', N'Laptop mỏng nhẹ màn OLED cho học tập, làm việc và giải trí.', N'Acer Swift Go 14 OLED phù hợp sinh viên và dân văn phòng cần một mẫu laptop gọn, pin ổn và màn hình đẹp để làm việc mỗi ngày. Máy cân bằng tốt giữa hiệu năng, độ cơ động và trải nghiệm hiển thị cho các tác vụ đa nhiệm phổ thông.', N'{"CPU":"Intel Core Ultra 7 155H","RAM":"16GB LPDDR5X","SSD":"1TB NVMe","Display":"14 inch OLED 2.8K 90Hz","Weight":"1.3kg"}', N'["oled","office","student"]', 1, 1, 0),
('p22', 'cat-laptop', N'ASUS TUF Gaming A16', 'asus-tuf-gaming-a16', N'ASUS', 31990000, 33990000, 4.7, 48, 11, N'https://images.unsplash.com/photo-1603302576837-37561b2e2302?auto=format&fit=crop&w=1200&q=80', N'["https://images.unsplash.com/photo-1603302576837-37561b2e2302?auto=format&fit=crop&w=1200&q=80","https://images.unsplash.com/photo-1504707748692-419802cf939d?auto=format&fit=crop&w=1200&q=80","https://images.unsplash.com/photo-1496181133206-80ce9b88a853?auto=format&fit=crop&w=1200&q=80"]', N'Laptop gaming 16 inch bền bỉ cho học tập và chơi game dài giờ.', N'ASUS TUF Gaming A16 hướng tới người dùng cần laptop gaming hiệu năng tốt, bàn phím thoải mái và hệ thống tản nhiệt ổn định trong tầm giá. Thiết bị phù hợp cả chơi game phổ biến, stream cơ bản và xử lý đồ họa bán chuyên.', N'{"CPU":"AMD Ryzen 9 8940HX","GPU":"NVIDIA RTX 4060 Laptop","RAM":"16GB DDR5","SSD":"1TB NVMe","Display":"16 inch WQXGA 165Hz"}', N'["gaming","performance","16-inch"]', 1, 1, 0),
('p23', 'cat-pc', N'PC Mini ITX Compact Pro', 'pc-mini-itx-compact-pro', N'GearHub Build', 28990000, 30990000, 4.6, 29, 7, N'https://images.unsplash.com/photo-1587202372775-e229f172b9d7?auto=format&fit=crop&w=1200&q=80', N'["https://images.unsplash.com/photo-1587202372775-e229f172b9d7?auto=format&fit=crop&w=1200&q=80","https://images.unsplash.com/photo-1545239351-1141bd82e8a6?auto=format&fit=crop&w=1200&q=80","https://images.unsplash.com/photo-1518770660439-4636190af475?auto=format&fit=crop&w=1200&q=80"]', N'PC nhỏ gọn cho bàn làm việc tối giản nhưng vẫn mạnh mẽ.', N'PC Mini ITX Compact Pro dành cho người dùng cần một bộ máy tiết kiệm diện tích mà vẫn đủ mạnh cho công việc sáng tạo, chơi game eSports và sử dụng hằng ngày. Cấu hình được tối ưu để vận hành ổn định, dễ bảo trì và phù hợp các setup gọn gàng hiện đại.', N'{"CPU":"AMD Ryzen 7 9700X","GPU":"RTX 4060 8GB","RAM":"32GB DDR5","SSD":"1TB NVMe","Case":"Mini ITX airflow"}', N'["desktop","compact","itx"]', 0, 1, 0),
('p24', 'cat-pc', N'PC Office Pro Dual Monitor', 'pc-office-pro-dual-monitor', N'GearHub Build', 17990000, NULL, 4.5, 41, 12, N'https://images.unsplash.com/photo-1497366754035-f200968a6e72?auto=format&fit=crop&w=1200&q=80', N'["https://images.unsplash.com/photo-1497366754035-f200968a6e72?auto=format&fit=crop&w=1200&q=80","https://images.unsplash.com/photo-1497366811353-6870744d04b2?auto=format&fit=crop&w=1200&q=80","https://images.unsplash.com/photo-1527443224154-c4a3942d3acf?auto=format&fit=crop&w=1200&q=80"]', N'PC văn phòng đa nhiệm ổn định cho doanh nghiệp và làm việc tại nhà.', N'PC Office Pro Dual Monitor phù hợp bộ phận kế toán, chăm sóc khách hàng và người làm việc với nhiều cửa sổ cùng lúc. Hệ thống ưu tiên độ ổn định, khả năng xuất hai màn hình và mức tiêu thụ điện hợp lý cho môi trường làm việc dài giờ.', N'{"CPU":"Intel Core i5-14500","GPU":"Intel UHD Graphics","RAM":"16GB DDR5","SSD":"1TB NVMe","Connectivity":"Dual HDMI + DisplayPort"}', N'["office","business","multitasking"]', 0, 0, 0),
('p25', 'cat-phone', N'Google Pixel 9 Pro XL', 'google-pixel-9-pro-xl', N'Google', 25990000, 27990000, 4.7, 57, 16, N'https://images.unsplash.com/photo-1592750475338-74b7b21085ab?auto=format&fit=crop&w=1200&q=80', N'["https://images.unsplash.com/photo-1592750475338-74b7b21085ab?auto=format&fit=crop&w=1200&q=80","https://images.unsplash.com/photo-1511707171634-5f897ff02aa9?auto=format&fit=crop&w=1200&q=80","https://images.unsplash.com/photo-1580910051074-3eb694886505?auto=format&fit=crop&w=1200&q=80"]', N'Điện thoại Android cao cấp với camera mạnh và trải nghiệm Google thuần.', N'Pixel 9 Pro XL phù hợp người dùng thích chụp ảnh nhanh, giao diện Android sạch và cập nhật phần mềm sớm. Máy nổi bật với camera điện toán mạnh, nhiều tính năng AI hữu ích và trải nghiệm đồng bộ tốt trong hệ sinh thái Google.', N'{"Chip":"Google Tensor G4","Display":"6.8 inch LTPO OLED 120Hz","Camera":"50MP Wide + 48MP Ultra Wide + 48MP Tele 5x","Storage":"256GB","Battery":"Hơn 24 giờ sử dụng"}', N'["android","camera","ai"]', 1, 1, 0),
('p26', 'cat-phone', N'OPPO Find X8 Pro', 'oppo-find-x8-pro', N'OPPO', 22990000, 24990000, 4.6, 63, 21, N'https://images.unsplash.com/photo-1580910051074-3eb694886505?auto=format&fit=crop&w=1200&q=80', N'["https://images.unsplash.com/photo-1580910051074-3eb694886505?auto=format&fit=crop&w=1200&q=80","https://images.unsplash.com/photo-1610945265064-0e34e5519bbf?auto=format&fit=crop&w=1200&q=80","https://images.unsplash.com/photo-1598327105666-5b89351aff97?auto=format&fit=crop&w=1200&q=80"]', N'Flagship mỏng đẹp với camera chân dung và sạc nhanh ấn tượng.', N'OPPO Find X8 Pro hướng tới người dùng thích thiết kế sang, màn hình đẹp và camera linh hoạt cho cả chụp chân dung lẫn quay video ngắn. Máy cũng phù hợp nhu cầu sử dụng cường độ cao nhờ pin lớn và khả năng sạc nhanh tiện lợi.', N'{"Chip":"MediaTek Dimensity 9400","Display":"6.82 inch AMOLED 120Hz","Camera":"50MP Hasselblad quad camera","Storage":"512GB","Battery":"5.800mAh"}', N'["android","portrait","fast-charge"]', 0, 1, 1),
('p27', 'cat-monitor', N'Dell UltraSharp U2724DE', 'dell-ultrasharp-u2724de', N'Dell', 11990000, 12990000, 4.8, 46, 14, N'https://images.unsplash.com/photo-1527443224154-c4a3942d3acf?auto=format&fit=crop&w=1200&q=80', N'["https://images.unsplash.com/photo-1527443224154-c4a3942d3acf?auto=format&fit=crop&w=1200&q=80","https://images.unsplash.com/photo-1497366754035-f200968a6e72?auto=format&fit=crop&w=1200&q=80","https://images.unsplash.com/photo-1547082299-de196ea013d6?auto=format&fit=crop&w=1200&q=80"]', N'Màn hình 27 inch USB-C cho dân văn phòng, lập trình và thiết kế nhẹ.', N'Dell UltraSharp U2724DE phù hợp môi trường làm việc chuyên nghiệp cần màu sắc ổn định, cổng kết nối hiện đại và khả năng kết nối laptop qua một dây. Chân đế linh hoạt, viền mỏng và hub USB tích hợp giúp tối ưu bàn làm việc gọn gàng.', N'{"Resolution":"2560x1440","Panel":"IPS Black","RefreshRate":"120Hz","Ports":"USB-C hub, HDMI, DisplayPort, LAN","Size":"27 inch"}', N'["monitor","office","usb-c"]', 1, 0, 0),
('p28', 'cat-monitor', N'Gigabyte M32U', 'gigabyte-m32u', N'Gigabyte', 15990000, 17490000, 4.7, 54, 8, N'https://images.unsplash.com/photo-1527443224154-c4a3942d3acf?auto=format&fit=crop&w=1200&q=80', N'["https://images.unsplash.com/photo-1527443224154-c4a3942d3acf?auto=format&fit=crop&w=1200&q=80","https://images.unsplash.com/photo-1497366754035-f200968a6e72?auto=format&fit=crop&w=1200&q=80","https://images.unsplash.com/photo-1547082299-de196ea013d6?auto=format&fit=crop&w=1200&q=80"]', N'Màn hình 4K 144Hz cho game console, PC cao cấp và sáng tạo nội dung.', N'Gigabyte M32U mang lại không gian hiển thị lớn, độ phân giải 4K sắc nét và tần số quét cao cho người dùng cần một màn hình đa dụng. Sản phẩm phù hợp cả chơi game console thế hệ mới, làm video và xử lý ảnh nhờ độ chi tiết tốt và hệ cổng đầy đủ.', N'{"Resolution":"3840x2160","Panel":"SuperSpeed IPS","RefreshRate":"144Hz","Ports":"HDMI 2.1, DisplayPort, USB hub","Size":"31.5 inch"}', N'["4k","gaming","console"]', 0, 1, 0),
('p29', 'cat-accessory', N'Razer BlackWidow V4 Pro', 'razer-blackwidow-v4-pro', N'Razer', 5990000, 6490000, 4.7, 39, 18, N'https://images.unsplash.com/photo-1511467687858-23d96c32e4ae?auto=format&fit=crop&w=1200&q=80', N'["https://images.unsplash.com/photo-1511467687858-23d96c32e4ae?auto=format&fit=crop&w=1200&q=80","https://images.unsplash.com/photo-1541140532154-b024d705b90a?auto=format&fit=crop&w=1200&q=80","https://images.unsplash.com/photo-1515879218367-8466d910aaa4?auto=format&fit=crop&w=1200&q=80"]', N'Bàn phím cơ full-size cao cấp cho game thủ và streamer.', N'Razer BlackWidow V4 Pro phù hợp người dùng cần một bàn phím cơ đầy đủ chức năng, hành trình gõ rõ ràng và hệ thống điều khiển media tiện lợi. Thiết bị phát huy tốt trong setup chơi game, stream hoặc làm việc cần macro và phím tắt chuyên sâu.', N'{"Layout":"Full-size","Switch":"Razer Green Mechanical","Connectivity":"USB-C detachable","Lighting":"Per-key RGB","Extras":"Command dial + macro keys"}', N'["keyboard","gaming","rgb"]', 1, 1, 0),
('p30', 'cat-accessory', N'UGREEN Nexode 200W GaN Charger', 'ugreen-nexode-200w-gan-charger', N'UGREEN', 2690000, 2990000, 4.6, 58, 34, N'https://images.unsplash.com/photo-1585338447937-7082f8fc763d?auto=format&fit=crop&w=1200&q=80', N'["https://images.unsplash.com/photo-1585338447937-7082f8fc763d?auto=format&fit=crop&w=1200&q=80","https://images.unsplash.com/photo-1511707171634-5f897ff02aa9?auto=format&fit=crop&w=1200&q=80","https://images.unsplash.com/photo-1518770660439-4636190af475?auto=format&fit=crop&w=1200&q=80"]', N'Củ sạc GaN công suất lớn cho laptop, điện thoại và tablet.', N'UGREEN Nexode 200W GaN Charger là lựa chọn thực dụng cho người dùng mang nhiều thiết bị cùng lúc và muốn giảm số lượng củ sạc phải mang theo. Công suất lớn, nhiều cổng USB-C và thiết kế gọn giúp sản phẩm phù hợp cho bàn làm việc lẫn các chuyến công tác.', N'{"Power":"200W GaN","Ports":"4 x USB-C, 2 x USB-A","Compatibility":"Laptop, phone, tablet, accessories","Protection":"Overheat and surge protection","UseCase":"Travel / desk setup"}', N'["charger","gan","multi-device"]', 0, 1, 0);

INSERT INTO BlogPosts (Id, Title, Slug, Excerpt, Cover, Category, PublishedAt, ReadTime, ContentJson) VALUES
('b1', N'5 tiêu chí chọn laptop cho sinh viên IT năm 2026', 'chon-laptop-cho-sinh-vien-it-2026', N'CPU đủ mạnh, RAM tối thiểu 16GB, màn hình dễ nhìn và trọng lượng hợp lý là nền tảng để sinh viên IT học tốt mà không lãng phí ngân sách.', N'https://images.unsplash.com/photo-1522075469751-3a6694fb2f61?auto=format&fit=crop&w=1200&q=80', N'Tư vấn mua hàng', '2026-03-15', N'7 phút', N'["Sinh viên IT thường phải mở cùng lúc IDE, trình duyệt nhiều tab, Figma, Docker hoặc máy ảo. Vì vậy, bộ xử lý dòng mới và 16GB RAM gần như là mức khởi điểm hợp lý nếu bạn muốn máy dùng ổn định ít nhất 3 đến 4 năm đại học.","SSD 512GB cũng quan trọng không kém. Nhiều bạn chỉ nhìn CPU rồi tiết kiệm ở phần lưu trữ, nhưng sau một vài kỳ học với source code, tài liệu, dataset và phần mềm chuyên ngành, 256GB sẽ nhanh chóng chật chội.","Trọng lượng và pin là yếu tố dễ bị xem nhẹ khi mua máy lần đầu. Nếu bạn đi học mỗi ngày, một chiếc máy khoảng 1.3 đến 1.6kg sẽ dễ chịu hơn rất nhiều so với laptop gaming gần 2.5kg, đặc biệt khi còn phải mang thêm sạc và phụ kiện.","Với nhóm học AI, đồ họa hoặc game, laptop gaming vẫn có giá trị nhờ GPU rời. Tuy nhiên, hãy cân nhắc thật kỹ vì đổi lại bạn sẽ chịu mức giá cao hơn, pin ngắn hơn và tiếng quạt lớn hơn trong môi trường lớp học hoặc thư viện.","Một lựa chọn khôn ngoan là mua đúng theo nhu cầu hiện tại và chừa ngân sách cho màn hình rời, chuột hoặc SSD nâng cấp sau này. Tổng trải nghiệm học tập thường đến từ cả hệ sinh thái sử dụng, không chỉ từ cấu hình trên giấy."]'),
('b2', N'So sánh PC gaming và laptop gaming: nên mua gì?', 'so-sanh-pc-gaming-va-laptop-gaming', N'PC cho hiệu năng và khả năng nâng cấp tốt hơn trên cùng ngân sách, còn laptop gaming phù hợp người cần một thiết bị cơ động, gọn không gian.', N'https://images.unsplash.com/photo-1545239351-1141bd82e8a6?auto=format&fit=crop&w=1200&q=80', N'Review', '2026-03-12', N'6 phút', N'["Nếu xét riêng hiệu năng trên mỗi đồng chi phí, PC gaming gần như luôn thắng. Bạn có thể đầu tư nhiều hơn cho card đồ họa, tản nhiệt tốt hơn và dễ đạt mức FPS cao ở độ phân giải 2K hoặc 4K mà không phải trả thêm cho màn hình, bàn phím hay pin tích hợp.","Điểm mạnh lớn nhất của laptop gaming là sự tiện lợi. Người dùng ở ký túc xá, căn hộ nhỏ hoặc thường xuyên di chuyển giữa nhà và công ty sẽ đánh giá cao việc chỉ cần một thiết bị là có thể vừa làm việc vừa giải trí.","Khả năng nâng cấp cũng là khác biệt quan trọng. PC cho phép thay GPU, thêm SSD, đổi nguồn và tối ưu từng thành phần theo ngân sách từng giai đoạn, trong khi laptop thường chỉ nâng được RAM và SSD.","Ngược lại, laptop lại ít rườm rà hơn khi mới bắt đầu. Bạn không phải mua thêm màn hình, webcam, bàn phím hay UPS ngay từ đầu nếu ngân sách còn hạn chế hoặc chưa muốn đầu tư cả bộ máy bàn.","Cách chọn phù hợp nhất là nhìn vào nơi bạn sử dụng thiết bị nhiều nhất. Nếu bạn ngồi cố định và ưu tiên sức mạnh lâu dài, hãy chọn PC. Nếu bạn cần linh hoạt và tối giản setup, laptop gaming sẽ đáng tiền hơn."]'),
('b3', N'Thiết lập góc làm việc tại nhà gọn đẹp mà vẫn tối ưu hiệu suất', 'thiet-lap-goc-lam-viec-tai-nha-toi-uu-hieu-suat', N'Một góc làm việc hiệu quả không cần quá đắt, nhưng cần ưu tiên đúng thứ tự: màn hình, ghế ngồi, ánh sáng, dock kết nối và cách quản lý dây cáp.', N'https://images.unsplash.com/photo-1497366754035-f200968a6e72?auto=format&fit=crop&w=1200&q=80', N'Kinh nghiệm sử dụng', '2026-03-20', N'5 phút', N'["Khi thiết lập bàn làm việc tại nhà, nhiều người thường đầu tư vào phụ kiện đẹp trước khi giải quyết các vấn đề ảnh hưởng trực tiếp tới năng suất. Trên thực tế, một màn hình đủ lớn và một chiếc ghế ngồi đúng tư thế thường tạo khác biệt rõ rệt hơn so với bàn phím đắt tiền.","Nếu dùng laptop là thiết bị chính, dock mở rộng cổng là món phụ kiện rất đáng giá. Nó giúp bạn kết nối màn hình, mạng LAN, ổ cứng ngoài và sạc chỉ qua một dây, giảm đáng kể thời gian cắm rút mỗi ngày.","Ánh sáng cũng cần được bố trí có chủ đích. Ánh sáng tự nhiên lệch bên hông, kết hợp đèn bàn nhiệt màu trung tính, sẽ giúp mắt đỡ mỏi hơn khi phải nhìn màn hình liên tục trong nhiều giờ.","Sau cùng, đừng đánh giá thấp việc quản lý dây cáp. Dùng kẹp dây, đế sạc đa thiết bị và bố trí nguồn điện hợp lý sẽ làm góc làm việc gọn hơn, dễ vệ sinh hơn và tạo cảm giác muốn ngồi vào làm việc mỗi ngày."]'),
('b4', N'OLED hay IPS: nên chọn màn hình nào cho chơi game và làm việc?', 'oled-hay-ips-nen-chon-man-hinh-nao', N'OLED cho độ tương phản và tốc độ phản hồi ấn tượng, còn IPS vẫn là lựa chọn an toàn về giá, độ sáng và độ bền cho nhiều nhu cầu hỗn hợp.', N'https://images.unsplash.com/photo-1547082299-de196ea013d6?auto=format&fit=crop&w=1200&q=80', N'Tư vấn mua hàng', '2026-03-18', N'6 phút', N'["Màn hình OLED hấp dẫn ngay từ lần đầu nhìn nhờ màu đen sâu, độ tương phản rất cao và thời gian phản hồi gần như tức thì. Với game tốc độ cao hoặc phim ảnh, trải nghiệm mà OLED mang lại thực sự khác biệt.","Tuy nhiên, IPS vẫn là lựa chọn cân bằng hơn cho số đông. Mức giá dễ tiếp cận, độ sáng tốt và ít lo ngại lưu ảnh khiến IPS phù hợp với người dùng làm việc văn phòng, học tập và chơi game ở mức vừa phải.","Nếu bạn làm thiết kế hoặc chỉnh ảnh, hãy nhìn thêm vào độ phủ màu và khả năng cân màu xuất xưởng thay vì chỉ chọn theo công nghệ tấm nền. Một màn IPS chuẩn màu tốt vẫn hữu ích hơn một màn OLED thiên giải trí.","Với game thủ eSports, yếu tố quan trọng nhất là tần số quét, độ trễ và độ rõ chuyển động. Một màn IPS 240Hz chất lượng cao đôi khi hợp lý hơn OLED nếu bạn ưu tiên chi phí và thi đấu lâu dài.","Cách chọn đúng là bắt đầu từ nhu cầu chính của bạn. OLED dành cho trải nghiệm hình ảnh cao cấp và giải trí đắm chìm; IPS phù hợp khi bạn cần màn hình đa dụng, giá hợp lý và vận hành ổn định lâu dài."]'),
('b5', N'Chọn điện thoại cho người làm nội dung: cần quan tâm gì ngoài camera?', 'chon-dien-thoai-cho-nguoi-lam-noi-dung', N'Người làm nội dung không chỉ cần camera đẹp mà còn phải quan tâm tới bộ nhớ, thu âm, pin, màn hình và sự ổn định khi quay chụp liên tục.', N'https://images.unsplash.com/photo-1511707171634-5f897ff02aa9?auto=format&fit=crop&w=1200&q=80', N'Review', '2026-03-10', N'5 phút', N'["Camera luôn là yếu tố được nhắc đến đầu tiên, nhưng với người quay reels, vlog ngắn hay review sản phẩm, dung lượng bộ nhớ và khả năng duy trì hiệu năng khi quay lâu cũng quan trọng không kém. Một chiếc máy quay đẹp nhưng nóng nhanh sẽ làm gián đoạn quy trình sáng tạo.","Màn hình sáng và hiển thị màu chính xác giúp bạn kiểm tra khung hình ngay tại chỗ, đặc biệt khi quay ngoài trời hoặc cần chỉnh tone màu cơ bản trước khi đăng. Đây là điểm khác biệt rõ giữa các mẫu flagship và nhóm cận cao cấp.","Âm thanh cũng không nên bị bỏ qua. Nhiều người quay nói chuyện trực tiếp bằng micro tích hợp, nên thuật toán lọc ồn, khả năng bắt giọng và cổng kết nối phụ kiện sẽ ảnh hưởng lớn tới chất lượng nội dung cuối cùng.","Cuối cùng là hệ sinh thái. Nếu bạn dựng video trên MacBook, dùng iPhone có thể thuận tiện hơn ở bước đồng bộ file. Ngược lại, người dùng Windows hoặc thích tùy biến mạnh có thể sẽ làm việc thoải mái hơn với flagship Android."]'),
('b6', N'Checklist trước khi mua PC lắp sẵn để tránh tốn tiền nâng cấp sớm', 'checklist-truoc-khi-mua-pc-lap-san', N'Đừng chỉ nhìn CPU và GPU. Mainboard, nguồn, tản nhiệt, luồng gió và chính sách bảo hành mới là những yếu tố quyết định tuổi thọ của bộ PC lắp sẵn.', N'https://images.unsplash.com/photo-1587202372775-e229f172b9d7?auto=format&fit=crop&w=1200&q=80', N'Tư vấn mua hàng', '2026-03-08', N'7 phút', N'["PC lắp sẵn hấp dẫn vì bạn không phải tự chọn linh kiện từng món, nhưng cũng dễ mắc bẫy cấu hình nếu chỉ nhìn vào CPU và card đồ họa. Nhiều bộ máy dùng nguồn công suất thấp, mainboard cắt giảm tính năng hoặc tản nhiệt không đủ cho tải nặng.","Nguồn điện nên được xem như nền móng của hệ thống. Một bộ nguồn đạt chuẩn 80 Plus từ thương hiệu uy tín sẽ giúp máy vận hành ổn định, dễ nâng cấp GPU sau này và giảm rủi ro khi chạy tải nặng kéo dài.","Tản nhiệt và luồng gió trong case cũng rất đáng kiểm tra. Cùng một cấu hình nhưng máy có bố trí quạt hợp lý và mặt lưới thoáng sẽ êm hơn, mát hơn và ít bị tụt hiệu năng hơn sau vài giờ chơi game hoặc render.","Bạn cũng nên hỏi rõ về số khe RAM còn trống, số khe SSD M.2 và kích thước case. Đây là những chi tiết nhỏ nhưng quyết định việc nâng cấp sau này có dễ hay không và có phải thay thêm linh kiện phụ trợ hay không.","Một bộ PC lắp sẵn đáng mua là bộ máy cân bằng giữa hiệu năng hiện tại và khả năng mở rộng tương lai. Chọn đúng từ đầu sẽ giúp bạn tiết kiệm hơn nhiều so với việc phải thay nguồn, thay tản hoặc đổi case chỉ sau vài tháng sử dụng."]');

INSERT INTO Users (Id, Name, Email, Phone, Address, Role, Status, PasswordHash, CreatedAt) VALUES
('u1', N'Trần Đông Quân', 'trandongquan9@gmail.com', '0933858157', N'127 Nguyen Hue, Quan 1, TP.HCM', 'admin', 'active', '240be518fabd2724ddb6f04eeb1da5967448d7e831c08c8fa822809f74c720a9', '2026-01-01'),
('u2', N'Nguyen Hai', 'hai@gmail.com', '0909000111', N'45 Vo Van Tan, Quan 3, TP.HCM', 'customer', 'active', '8d969eef6ecad3c29a3a629280e686cf0c3f5d5a86aff3ca12020c923adc6c92', '2026-02-12'),
('u3', N'Tran Linh', 'linh@gmail.com', '0988111222', N'22 Cau Giay, Ha Noi', 'customer', 'locked', '8d969eef6ecad3c29a3a629280e686cf0c3f5d5a86aff3ca12020c923adc6c92', '2026-03-03');

INSERT INTO Reviews (Id, ProductId, UserId, Author, Rating, Comment, Status, CreatedAt) VALUES
('r1', 'p1', 'u2', N'Nguyen Minh', 5, N'Máy mượt, màn đẹp và pin tốt hơn mình nghĩ.', 'approved', '2026-03-01'),
('r2', 'p1', 'u3', N'Tran Bao', 4, N'Tản ổn, chơi game ngon nhưng giá hơi cao.', 'approved', '2026-03-10'),
('r3', 'p4', 'u2', N'Le Anh', 5, N'Camera và quay video rất tốt, hệ sinh thái dùng tiện.', 'approved', '2026-03-14'),
('r4', 'p9', 'u3', N'Hoang Linh', 5, N'Máy nhẹ, pin khỏe và gần như không nóng trong các tác vụ văn phòng hằng ngày.', 'approved', '2026-03-16'),
('r5', 'p14', 'u2', N'Pham Khoa', 5, N'Render Premiere ổn định, mở nhiều project nặng vẫn mượt và tiếng ồn dễ chịu.', 'approved', '2026-03-18'),
('r6', 'p17', 'u2', N'Bui Nhat', 4, N'Máy chạy ổn định khi render dài, màn hình chuẩn màu và bàn phím gõ khá thoải mái cho công việc sáng tạo.', 'approved', '2026-03-20');

INSERT INTO Orders (Id, UserId, CustomerName, CustomerEmail, Phone, Address, PaymentMethod, Status, Total, Note, ItemsJson, StatusTimelineJson, CreatedAt) VALUES
('OD001', 'u2', N'Pham Tuan', 'hai@gmail.com', '0909000111', N'Q.1, TP.HCM', 'cod', 'pending', 42990000, N'Giao giờ hành chính', N'[{"id":"p1","name":"ASUS ROG Zephyrus G14","slug":"asus-rog-zephyrus-g14","image":"https://images.unsplash.com/photo-1496181133206-80ce9b88a853?auto=format&fit=crop&w=1200&q=80","price":42990000,"quantity":1}]', N'{"pending":"2026-03-19T09:00:00.000Z"}', '2026-03-19'),
('OD002', 'u3', N'Le Thu', 'linh@gmail.com', '0988111222', N'Ha Noi', 'online', 'delivered', 67880000, NULL, N'[{"id":"p4","name":"iPhone 16 Pro Max","slug":"iphone-16-pro-max","image":"https://images.unsplash.com/photo-1511707171634-5f897ff02aa9?auto=format&fit=crop&w=1200&q=80","price":33990000,"quantity":2}]', N'{"pending":"2026-03-17T08:30:00.000Z","confirmed":"2026-03-17T09:00:00.000Z","shipping":"2026-03-17T12:00:00.000Z","delivered":"2026-03-18T06:30:00.000Z"}', '2026-03-17');
